{
    "silica" : {
        "B" : [0.696166300, 0.407942600, 0.897479400],
        "C" : [4.67914826e-15, 1.35120631e-14, 97.9340025e-12],
        "kind": 1
    },
    "air" : {
        "B" : [0.05792105e12, 0.00167917e12],
        "C" : [238.0185e12, 57.362e12],
        "kind": 2,
        "P0": 101325,
        "T0": 288.15
    },
    "nitrogen" : {
        "B" : [3.243157e10],
        "C" : [144e12],
        "a" : 0.137,
        "b" : 0.01709e-3,
        "const": 6.8552e-5,
        "kind": 2,
        "P0": 101325,
        "T0": 273.15
    },
    "helium" : {
        "B" : [0.014755297e12],
        "C" : [426.2974e12],
        "a" : 0.00346,
        "b" : 0.0238e-3,
        "kind": 2,
        "P0": 101325,
        "T0": 273.15
    },
    "neon" : {
        "B" : [0.00128145e12, 0.0220486e12],
        "C" : [184.661e12, 376.84e12],
        "a" : 0.02135,
        "b" : 0.01709e-3,
        "kind": 2,
        "P0": 101325,
        "T0": 273.15
    },
    "argon" : {
        "B" : [2.50141e9, 5.00283e8, 5.22343e10],
        "C" : [91.012e12, 87.892e12, 214.02e12],
        "a" : 0.1355,
        "b" : 0.03201e-3,
        "kind": 2,
        "P0": 101325,
        "T0": 273.15
    },
    "krypton" : {
        "B" : [0.00253637e12, 0.00273649e12, 0.0620802e12],
        "C" : [65.4742e12, 73.698e12, 181.08e12],
        "a" : 0.2349,
        "b" : 0.03978e-3,
        "kind": 2,
        "P0": 101325,
        "T0": 273.15
    },
    "xenon" : {
        "B" : [0.00322869e12, 0.00355393e12, 0.0606764e12],
        "C" : [46.301e12, 59.578e12, 112.74e12],
        "a" : 0.425,
        "b" : 0.05105e-3,
        "kind": 2,
        "P0": 101325,
        "T0": 273.15
    }
}