{
    "silica" : {
        "B" : [0.696166300, 0.407942600, 0.897479400],
        "C" : [4.67914826e-15, 1.35120631e-14, 97.9340025e-12]
    },
    "air" : {
        "B" : [14926.44e-8, 41807.57e-8],
        "C" : [19.36e-18, 7.434e-15]
    },
    "nitrogen" : {
        "B" : [39209.95e-8, 18806.48e-8],
        "C" : [1146.24e-18, 13.476e-15]
    },
    "helium" : {
        "B" : [4977.77e-8, 1856.94e-8],
        "C" : [28.54e-18, 7.760e-15]
    },
    "neon" : {
        "B" : [9154.48e-8, 4018.63e-8],
        "C" : [656.97e-18, 5.728e-15]
    },
    "argon" : {
        "B" : [20332.29e-8, 34458.31e-8],
        "C" : [206.12e-18, 8.066e-15]
    },
    "krypton" : {
        "B" : [26102.88e-8, 56946.82e-8],
        "C" : [2.01e-18, 10.043e-15]
    },
    "xenon" : {
        "B" : [103701.61e-8, 31228.61e-8],
        "C" : [12.75e-15, 0.561e-15]
    }
}