{
    "sellmeier": {
        "B": [0.6961663, 0.4079426, 0.8974794],
        "C": [4.67914826e-15, 1.35120631e-14, 9.79340025e-11],
        "kind": 1
    }
}
        